,GPA,OLD_GPA,YEAR,GENDER_ID,PROG_CODE,OLD_PROV_CODE,OLD_LEVEL_ID,OLD_GRADUATE_YEAR
GPA,1.0,0.383681048696878,0.2590695937067036,0.18331878042647518,0.015664403717645076,0.03997698390195821,0.048367215421205284,0.012463034608881287
OLD_GPA,0.383681048696878,1.0,0.21962361046399906,0.1616273080363949,-0.040939495709648534,-0.013227381257189566,0.21945576422995677,0.019581955044861946
YEAR,0.2590695937067036,0.21962361046399906,1.0,0.0791991160480473,0.11665300184046273,-0.021212216030465077,0.2571654928616577,-0.0014675014729363639
GENDER_ID,0.18331878042647518,0.1616273080363949,0.0791991160480473,1.0,-0.13353402810225806,-0.031257924162393695,-0.06914223857639432,0.045483701367602804
PROG_CODE,0.015664403717645076,-0.040939495709648534,0.11665300184046273,-0.13353402810225806,1.0,-0.0017134050641033718,0.08231154264421502,-0.022569511999732707
OLD_PROV_CODE,0.03997698390195821,-0.013227381257189566,-0.021212216030465077,-0.031257924162393695,-0.0017134050641033718,1.0,-0.0262494966580236,-0.056143663925776355
OLD_LEVEL_ID,0.048367215421205284,0.21945576422995677,0.2571654928616577,-0.06914223857639432,0.08231154264421502,-0.0262494966580236,1.0,-0.00211859459471485
OLD_GRADUATE_YEAR,0.012463034608881287,0.019581955044861946,-0.0014675014729363639,0.045483701367602804,-0.022569511999732707,-0.056143663925776355,-0.00211859459471485,1.0
