column,Q1,Q3,IQR,lower_fence,upper_fence,n_outliers,outlier_pct
GPA,2.7175000000000002,3.41,0.6924999999999999,1.6787500000000004,4.44875,1,0.02
OLD_GPA,2.95,3.6,0.6499999999999999,1.9750000000000003,4.575,49,0.76
